{
  "baselineId": "A",
  "baselineName": "empty",
  "seed": 42,
  "epochs": [
    {
      "epoch": 1,
      "accepted": true,
      "errorCode": null,
      "beforeComposite": 0,
      "afterComposite": 0.023529411764705882,
      "marginalDelta": 0.023529411764705882,
      "latencyMs": 136.202643,
      "components": {
        "exactRetrieval": 0,
        "staleMemoryRejection": 0,
        "temporalUpdateCorrectness": 0,
        "compressionSurvival": 0.0784313725490196,
        "routingAccuracy": 0,
        "latencyMs": 0
      },
      "parentStateRoot": "0x694c59acf4e38cb41985cb7d83f4168ed41c03731341d262b745adb4f270a401",
      "patchHashHex": "0xd130fa13ff30f765a38009454e345480d32da6d72b86c396234442f0ae96ba00"
    },
    {
      "epoch": 2,
      "accepted": true,
      "errorCode": null,
      "beforeComposite": 0.023529411764705882,
      "afterComposite": 0.047058823529411764,
      "marginalDelta": 0.023529411764705882,
      "latencyMs": 135.092496,
      "components": {
        "exactRetrieval": 0,
        "staleMemoryRejection": 0,
        "temporalUpdateCorrectness": 0,
        "compressionSurvival": 0.1568627450980392,
        "routingAccuracy": 0,
        "latencyMs": 0
      },
      "parentStateRoot": "0x0bb56ccb896bb800bc0c449756fe4414b9d50198a06d60c3fc297b7ecc7042ba",
      "patchHashHex": "0xc8ccd5c5d3af0d8bb93fa0b0268c321d043ddba8aa15473a2c06bc2a433c443c"
    },
    {
      "epoch": 3,
      "accepted": true,
      "errorCode": null,
      "beforeComposite": 0.047058823529411764,
      "afterComposite": 0.07058823529411765,
      "marginalDelta": 0.023529411764705882,
      "latencyMs": 128.33396,
      "components": {
        "exactRetrieval": 0,
        "staleMemoryRejection": 0,
        "temporalUpdateCorrectness": 0,
        "compressionSurvival": 0.23529411764705882,
        "routingAccuracy": 0,
        "latencyMs": 0
      },
      "parentStateRoot": "0x22e6b3b77881344cb0263b6dc5df8cafa6b2aaa4fd942d6499809b4ab82ede4a",
      "patchHashHex": "0x2d77ca5be8975803edf91daee6431ff347248ac2a107d0f81953ca6959ad8ccf"
    },
    {
      "epoch": 4,
      "accepted": true,
      "errorCode": null,
      "beforeComposite": 0.07058823529411765,
      "afterComposite": 0.09411764705882353,
      "marginalDelta": 0.023529411764705882,
      "latencyMs": 131.332593,
      "components": {
        "exactRetrieval": 0,
        "staleMemoryRejection": 0,
        "temporalUpdateCorrectness": 0,
        "compressionSurvival": 0.3137254901960784,
        "routingAccuracy": 0,
        "latencyMs": 0
      },
      "parentStateRoot": "0x424cf90ce878507b730f19f8734e87075476e373a29d0651b9f69519a75f940f",
      "patchHashHex": "0xe694151126cbdb0d307080b494ffd23b98c50c05a77f0e2a87e3726b34b1c29c"
    },
    {
      "epoch": 5,
      "accepted": true,
      "errorCode": null,
      "beforeComposite": 0.09411764705882353,
      "afterComposite": 0.11764705882352941,
      "marginalDelta": 0.023529411764705882,
      "latencyMs": 132.327963,
      "components": {
        "exactRetrieval": 0,
        "staleMemoryRejection": 0,
        "temporalUpdateCorrectness": 0,
        "compressionSurvival": 0.39215686274509803,
        "routingAccuracy": 0,
        "latencyMs": 0
      },
      "parentStateRoot": "0x755c8ee973dedf33d49e5ae6c43ac010bf6e4c64ff03ac0c9eb6531f10990050",
      "patchHashHex": "0x6c77ba6084613c539d6e985aa44e57022329fbfd50b622281d09092cea69dd03"
    }
  ],
  "summary": {
    "totalEpochs": 5,
    "accepted": 5,
    "rejected": 0,
    "genesisComposite": 0,
    "finalComposite": 0.11764705882352941,
    "netImprovement": 0.11764705882352941,
    "avgScoreDelta": 0.023529411764705882,
    "p50LatencyMs": 132.327963,
    "p99LatencyMs": 135.092496,
    "finalStateRoot": "0x755c8ee973dedf33d49e5ae6c43ac010bf6e4c64ff03ac0c9eb6531f10990050",
    "genesisStateRoot": "0x7e704f76d6156405800141206cec1e6d7804daa8bf4e7da1542a1e431958504e",
    "familyContribution": {
      "near_collision": 0,
      "temporal": 0,
      "long_horizon": 0.39215686274509803,
      "routing": 0,
      "exact": 0,
      "stale": 0,
      "current": 0
    },
    "finalComponents": {
      "exactRetrieval": 0,
      "staleMemoryRejection": 0,
      "temporalUpdateCorrectness": 0,
      "compressionSurvival": 0.39215686274509803,
      "routingAccuracy": 0,
      "latencyMs": 0
    },
    "finalFamilyScores": {
      "near_collision": 0,
      "temporal": 0,
      "long_horizon": 0.33613445378151263
    },
    "finalHits": {
      "near_collision": 0,
      "stale": 0,
      "current": 0,
      "long_horizon": 20,
      "relations": 0
    },
    "finalTotals": {
      "near_collision": 26,
      "stale": 55,
      "current": 57,
      "long_horizon": 51,
      "relations": 128
    }
  },
  "generatedAt": "2026-05-07T09:45:51.112Z",
  "corpusSources": {
    "near_collision": {
      "path": "benchmark/fixtures/near_collision/limit_nq_hotpotqa.json",
      "count": 51,
      "license": "CC-BY-4.0 (LIMIT); Apache-2.0 (NQ); CC-BY-SA-4.0 (HotpotQA)",
      "source": [
        "LIMIT",
        "BEIR_NQ",
        "BEIR_HotpotQA"
      ]
    },
    "temporal": {
      "path": "benchmark/fixtures/temporal/memoryagentbench.json",
      "count": 52,
      "license": "MIT",
      "source": "MemoryAgentBench"
    },
    "long_horizon": {
      "path": "benchmark/fixtures/long_horizon/memoryarena.json",
      "count": 51,
      "license": "CC-BY-4.0",
      "source": "MemoryArena"
    },
    "synthetic_temporal": {
      "count": 60,
      "license": "Apache-2.0"
    }
  },
  "scoring": "coretex-retrieval-current"
}