{
  "baselineId": "B",
  "baselineName": "dense-key",
  "seed": 42,
  "epochs": [
    {
      "epoch": 1,
      "accepted": true,
      "errorCode": null,
      "beforeComposite": 0,
      "afterComposite": 0.023076923076923078,
      "marginalDelta": 0.023076923076923078,
      "latencyMs": 133.94389,
      "components": {
        "exactRetrieval": 0.07692307692307693,
        "staleMemoryRejection": 0,
        "temporalUpdateCorrectness": 0,
        "compressionSurvival": 0,
        "routingAccuracy": 0,
        "latencyMs": 0
      },
      "parentStateRoot": "0x9b92a4c0d4a80946cdfbb8c434c518bedd88332900bb26e1c131fc2c6804b45c",
      "patchHashHex": "0x3612744101a7ab904ce1d21fe54cc8df0267810c425e7ab35ab90c99f3392d30"
    },
    {
      "epoch": 2,
      "accepted": false,
      "errorCode": null,
      "beforeComposite": 0.023076923076923078,
      "afterComposite": 0.023076923076923078,
      "marginalDelta": 0,
      "latencyMs": 136.251685,
      "components": {
        "exactRetrieval": 0.07692307692307693,
        "staleMemoryRejection": 0,
        "temporalUpdateCorrectness": 0,
        "compressionSurvival": 0,
        "routingAccuracy": 0,
        "latencyMs": 0
      },
      "parentStateRoot": "0x9b92a4c0d4a80946cdfbb8c434c518bedd88332900bb26e1c131fc2c6804b45c",
      "patchHashHex": "0x22b55db789852dd3cfcaba5d3fe7c5f7d34c381544af1aa0da07616f764f8d01"
    },
    {
      "epoch": 3,
      "accepted": true,
      "errorCode": null,
      "beforeComposite": 0.023076923076923078,
      "afterComposite": 0.03461538461538462,
      "marginalDelta": 0.011538461538461539,
      "latencyMs": 131.24656,
      "components": {
        "exactRetrieval": 0.11538461538461539,
        "staleMemoryRejection": 0,
        "temporalUpdateCorrectness": 0,
        "compressionSurvival": 0,
        "routingAccuracy": 0,
        "latencyMs": 0
      },
      "parentStateRoot": "0x76811b6ff044a69471a384364593ae58cfed71591a93b80f067d8fdcdbeec3c1",
      "patchHashHex": "0x76dfebbaa7fe8ddfef1944a34d410c172269095c9561b40b9bf247be9890003f"
    },
    {
      "epoch": 4,
      "accepted": true,
      "errorCode": null,
      "beforeComposite": 0.03461538461538462,
      "afterComposite": 0.046153846153846156,
      "marginalDelta": 0.011538461538461539,
      "latencyMs": 130.165092,
      "components": {
        "exactRetrieval": 0.15384615384615385,
        "staleMemoryRejection": 0,
        "temporalUpdateCorrectness": 0,
        "compressionSurvival": 0,
        "routingAccuracy": 0,
        "latencyMs": 0
      },
      "parentStateRoot": "0xda712cc9ea32b0898ea8478a7f1df71ba328ead771135f5f6c9eb9460b031997",
      "patchHashHex": "0xed314af7b0e8a48952db85e8acaf75be81a0c039e3c2f39fe6dc9e223b3e28d5"
    },
    {
      "epoch": 5,
      "accepted": false,
      "errorCode": null,
      "beforeComposite": 0.046153846153846156,
      "afterComposite": 0.046153846153846156,
      "marginalDelta": 0,
      "latencyMs": 134.373853,
      "components": {
        "exactRetrieval": 0.15384615384615385,
        "staleMemoryRejection": 0,
        "temporalUpdateCorrectness": 0,
        "compressionSurvival": 0,
        "routingAccuracy": 0,
        "latencyMs": 0
      },
      "parentStateRoot": "0xda712cc9ea32b0898ea8478a7f1df71ba328ead771135f5f6c9eb9460b031997",
      "patchHashHex": "0x1f575a7970a957b5715660e88f9e8adc9fc656fd3b1c4900ab7e02d94e7436a9"
    }
  ],
  "summary": {
    "totalEpochs": 5,
    "accepted": 3,
    "rejected": 2,
    "genesisComposite": 0,
    "finalComposite": 0.046153846153846156,
    "netImprovement": 0.046153846153846156,
    "avgScoreDelta": 0.009230769230769232,
    "p50LatencyMs": 133.94389,
    "p99LatencyMs": 134.373853,
    "finalStateRoot": "0xda712cc9ea32b0898ea8478a7f1df71ba328ead771135f5f6c9eb9460b031997",
    "genesisStateRoot": "0x469e15992a7cff9029f83a8115071780d0a9eb4217bb664997c5035307a9efee",
    "familyContribution": {
      "near_collision": 0,
      "temporal": 0,
      "long_horizon": 0,
      "routing": 0,
      "exact": 0.15384615384615385,
      "stale": 0,
      "current": 0
    },
    "finalComponents": {
      "exactRetrieval": 0.15384615384615385,
      "staleMemoryRejection": 0,
      "temporalUpdateCorrectness": 0,
      "compressionSurvival": 0,
      "routingAccuracy": 0,
      "latencyMs": 0
    },
    "finalFamilyScores": {
      "near_collision": 0.15384615384615385,
      "temporal": 0,
      "long_horizon": 0
    },
    "finalHits": {
      "near_collision": 4,
      "stale": 0,
      "current": 0,
      "long_horizon": 0,
      "relations": 0
    },
    "finalTotals": {
      "near_collision": 26,
      "stale": 55,
      "current": 57,
      "long_horizon": 51,
      "relations": 128
    }
  },
  "generatedAt": "2026-05-07T00:22:26.820Z",
  "corpusSources": {
    "near_collision": {
      "path": "benchmark/fixtures/near_collision/limit_nq_hotpotqa_v0.json",
      "count": 51,
      "license": "CC-BY-4.0 (LIMIT); Apache-2.0 (NQ); CC-BY-SA-4.0 (HotpotQA)",
      "source": [
        "LIMIT",
        "BEIR_NQ",
        "BEIR_HotpotQA"
      ]
    },
    "temporal": {
      "path": "benchmark/fixtures/temporal/memoryagentbench_v0.json",
      "count": 52,
      "license": "MIT",
      "source": "MemoryAgentBench"
    },
    "long_horizon": {
      "path": "benchmark/fixtures/long_horizon/memoryarena_v0.json",
      "count": 51,
      "license": "CC-BY-4.0",
      "source": "MemoryArena"
    },
    "synthetic_temporal": {
      "count": 60,
      "license": "Apache-2.0"
    }
  },
  "scoring": "real-cortexbench-v0"
}