{
  "baselineId": "C",
  "baselineName": "binary-key",
  "seed": 42,
  "epochs": [
    {
      "epoch": 1,
      "accepted": true,
      "errorCode": null,
      "beforeComposite": 0,
      "afterComposite": 0.023076923076923078,
      "marginalDelta": 0.023076923076923078,
      "latencyMs": 133.697977,
      "components": {
        "exactRetrieval": 0.07692307692307693,
        "staleMemoryRejection": 0,
        "temporalUpdateCorrectness": 0,
        "compressionSurvival": 0,
        "routingAccuracy": 0,
        "latencyMs": 0
      },
      "parentStateRoot": "0x81a418113c54af17f3bce5b3c15184f751a9914205b7e6cd45ae2aaed91bcdf9",
      "patchHashHex": "0xf4e1b84d98706a3903b0675ec63bbf5c4289b85deab44e070a79bd5d14e35128"
    },
    {
      "epoch": 2,
      "accepted": false,
      "errorCode": null,
      "beforeComposite": 0.023076923076923078,
      "afterComposite": 0.023076923076923078,
      "marginalDelta": 0,
      "latencyMs": 135.221573,
      "components": {
        "exactRetrieval": 0.07692307692307693,
        "staleMemoryRejection": 0,
        "temporalUpdateCorrectness": 0,
        "compressionSurvival": 0,
        "routingAccuracy": 0,
        "latencyMs": 0
      },
      "parentStateRoot": "0x81a418113c54af17f3bce5b3c15184f751a9914205b7e6cd45ae2aaed91bcdf9",
      "patchHashHex": "0xe542ad6dedc02144cfb9042e6031f87382b902ea05273958b64971e8228fc3da"
    },
    {
      "epoch": 3,
      "accepted": true,
      "errorCode": null,
      "beforeComposite": 0.023076923076923078,
      "afterComposite": 0.03461538461538462,
      "marginalDelta": 0.011538461538461539,
      "latencyMs": 136.632654,
      "components": {
        "exactRetrieval": 0.11538461538461539,
        "staleMemoryRejection": 0,
        "temporalUpdateCorrectness": 0,
        "compressionSurvival": 0,
        "routingAccuracy": 0,
        "latencyMs": 0
      },
      "parentStateRoot": "0x5863b18d44596280425b6f3b71c17e4f4b525d5abc6137311f3fb5125586083b",
      "patchHashHex": "0xd24e4402fe91db2ac44b7115f8894fc07d86557f58186c4465f34529888cc9b1"
    },
    {
      "epoch": 4,
      "accepted": true,
      "errorCode": null,
      "beforeComposite": 0.03461538461538462,
      "afterComposite": 0.046153846153846156,
      "marginalDelta": 0.011538461538461539,
      "latencyMs": 134.420502,
      "components": {
        "exactRetrieval": 0.15384615384615385,
        "staleMemoryRejection": 0,
        "temporalUpdateCorrectness": 0,
        "compressionSurvival": 0,
        "routingAccuracy": 0,
        "latencyMs": 0
      },
      "parentStateRoot": "0x30ba3ec84214b77ddceda1beb201898ffb97a8720bf531f24775e55f105cd7c9",
      "patchHashHex": "0x049c4fed0b35c1f8dd24d869498414ffbdcd0aa79462ae600d85ef006f0c344c"
    },
    {
      "epoch": 5,
      "accepted": false,
      "errorCode": null,
      "beforeComposite": 0.046153846153846156,
      "afterComposite": 0.046153846153846156,
      "marginalDelta": 0,
      "latencyMs": 137.217559,
      "components": {
        "exactRetrieval": 0.15384615384615385,
        "staleMemoryRejection": 0,
        "temporalUpdateCorrectness": 0,
        "compressionSurvival": 0,
        "routingAccuracy": 0,
        "latencyMs": 0
      },
      "parentStateRoot": "0x30ba3ec84214b77ddceda1beb201898ffb97a8720bf531f24775e55f105cd7c9",
      "patchHashHex": "0xdf4c5c46d1fe42d85ba441d8d43bedfcf5b19bf99db457860b0e4604e50c0c54"
    }
  ],
  "summary": {
    "totalEpochs": 5,
    "accepted": 3,
    "rejected": 2,
    "genesisComposite": 0,
    "finalComposite": 0.046153846153846156,
    "netImprovement": 0.046153846153846156,
    "avgScoreDelta": 0.009230769230769232,
    "p50LatencyMs": 135.221573,
    "p99LatencyMs": 136.632654,
    "finalStateRoot": "0x30ba3ec84214b77ddceda1beb201898ffb97a8720bf531f24775e55f105cd7c9",
    "genesisStateRoot": "0x8f95fbcdcb26e5f851db700ac001d010e0cad41f7dc599975d85c3b7f4f3d697",
    "familyContribution": {
      "near_collision": 0,
      "temporal": 0,
      "long_horizon": 0,
      "routing": 0,
      "exact": 0.15384615384615385,
      "stale": 0,
      "current": 0
    },
    "finalComponents": {
      "exactRetrieval": 0.15384615384615385,
      "staleMemoryRejection": 0,
      "temporalUpdateCorrectness": 0,
      "compressionSurvival": 0,
      "routingAccuracy": 0,
      "latencyMs": 0
    },
    "finalFamilyScores": {
      "near_collision": 0.15384615384615385,
      "temporal": 0,
      "long_horizon": 0
    },
    "finalHits": {
      "near_collision": 4,
      "stale": 0,
      "current": 0,
      "long_horizon": 0,
      "relations": 0
    },
    "finalTotals": {
      "near_collision": 26,
      "stale": 55,
      "current": 57,
      "long_horizon": 51,
      "relations": 128
    }
  },
  "generatedAt": "2026-05-07T09:45:53.496Z",
  "corpusSources": {
    "near_collision": {
      "path": "benchmark/fixtures/near_collision/limit_nq_hotpotqa_v0.json",
      "count": 51,
      "license": "CC-BY-4.0 (LIMIT); Apache-2.0 (NQ); CC-BY-SA-4.0 (HotpotQA)",
      "source": [
        "LIMIT",
        "BEIR_NQ",
        "BEIR_HotpotQA"
      ]
    },
    "temporal": {
      "path": "benchmark/fixtures/temporal/memoryagentbench_v0.json",
      "count": 52,
      "license": "MIT",
      "source": "MemoryAgentBench"
    },
    "long_horizon": {
      "path": "benchmark/fixtures/long_horizon/memoryarena_v0.json",
      "count": 51,
      "license": "CC-BY-4.0",
      "source": "MemoryArena"
    },
    "synthetic_temporal": {
      "count": 60,
      "license": "Apache-2.0"
    }
  },
  "scoring": "real-cortexbench-v0"
}