baseline,name,genesis_composite,final_composite,net_improvement,accepted,total,p50_ms,p99_ms,final_state_root
A,empty,0,0.11764705882352941,0.11764705882352941,5,5,259.116005,305.989272,0x755c8ee973dedf33d49e5ae6c43ac010bf6e4c64ff03ac0c9eb6531f10990050
B,dense-key,0,0.047058823529411764,0.047058823529411764,5,5,235.315648,237.695664,0xdc5b79b5015d5e897452aac447738ea7afde8cd1fe71a2d159d462aae77a2222
C,binary-key,0,0.047058823529411764,0.047058823529411764,5,5,211.775734,240.126358,0x63de3285d2324e2438fc1d85ea6bfa1b4b0f7a322b3554affe289abc019905b8
D,late-interaction,0,0.047058823529411764,0.047058823529411764,5,5,175.85339,176.19442,0xcedfc753af842c88afbb08f8a7cff420d7a99d6f3e916ceeeaad2cec7f8d1ca8
E,revocation-aware,0,0.053492822966507175,0.053492822966507175,5,5,141.377488,144.233918,0x613980c9bb41ad6fb9a1d9186db5127f2d98b161a510fb0183aeb1abd7abf060
