baseline,name,accepted,total,avgScoreDelta,p50LatencyMs,finalStateRoot
A,empty,0,5,0,0.016943,0x7e704f76d6156405800141206cec1e6d7804daa8bf4e7da1542a1e431958504e
B,dense-key,5,5,0.010859999999999998,226.942762,0x09386e9d979857a36787463d60a29b68bdad5d91cc76c9856b16365f65cc728b
C,binary-key,5,5,0.010839999999999999,193.337641,0x8659d604e33f1f72d7388c9ee55ee73c98bb3d8034ec8b7c8ab5c3ceec863826
D,late-interaction,5,5,0.01066,209.882351,0x4817b9fdab596e2a5967f0ad3423dcd941b9aeeee5fd26b34c6294de1c1eeab5
E,revocation-aware,5,5,0.01064,219.921551,0x19a184e8d8e40db29400d11a555bb6cd99cacc42333e512ab741c4488f8cb66b
