baseline,name,genesis_composite,final_composite,net_improvement,accepted,total,p50_ms,p99_ms,final_state_root
A,empty,0,0.11764705882352941,0.11764705882352941,5,5,133.025487,133.379836,0x755c8ee973dedf33d49e5ae6c43ac010bf6e4c64ff03ac0c9eb6531f10990050
B,dense-key,0,0.046153846153846156,0.046153846153846156,3,5,133.94389,134.373853,0xda712cc9ea32b0898ea8478a7f1df71ba328ead771135f5f6c9eb9460b031997
C,binary-key,0,0.046153846153846156,0.046153846153846156,3,5,133.089225,135.523083,0x30ba3ec84214b77ddceda1beb201898ffb97a8720bf531f24775e55f105cd7c9
D,late-interaction,0,0.046153846153846156,0.046153846153846156,3,5,133.358585,134.11062,0x46cbf055e67fab08f37b8232a66a4e9e4f5f90d2c794a029ee5baa9b41c893f4
E,revocation-aware,0,0.053492822966507175,0.053492822966507175,5,5,132.783014,134.633749,0x613980c9bb41ad6fb9a1d9186db5127f2d98b161a510fb0183aeb1abd7abf060
