{
  "baselineId": "D",
  "baselineName": "late-interaction",
  "seed": 42,
  "epochs": [
    {
      "epoch": 1,
      "accepted": true,
      "errorCode": null,
      "beforeComposite": 0,
      "afterComposite": 0.023076923076923078,
      "marginalDelta": 0.023076923076923078,
      "latencyMs": 135.931404,
      "components": {
        "exactRetrieval": 0.07692307692307693,
        "staleMemoryRejection": 0,
        "temporalUpdateCorrectness": 0,
        "compressionSurvival": 0,
        "routingAccuracy": 0,
        "latencyMs": 0
      },
      "parentStateRoot": "0xcc27eca2100bef0f09c93b04aa6c5de420af79c95efe20cf58f1897d02d80f30",
      "patchHashHex": "0xc6439a95018013800fac1b6f5ad9dac51b33333b34e21cd2dc45a3a2a3f6afb8"
    },
    {
      "epoch": 2,
      "accepted": false,
      "errorCode": null,
      "beforeComposite": 0.023076923076923078,
      "afterComposite": 0.023076923076923078,
      "marginalDelta": 0,
      "latencyMs": 133.358585,
      "components": {
        "exactRetrieval": 0.07692307692307693,
        "staleMemoryRejection": 0,
        "temporalUpdateCorrectness": 0,
        "compressionSurvival": 0,
        "routingAccuracy": 0,
        "latencyMs": 0
      },
      "parentStateRoot": "0xcc27eca2100bef0f09c93b04aa6c5de420af79c95efe20cf58f1897d02d80f30",
      "patchHashHex": "0x1031527f54524cbd9cf00a86aa4c6321b0e81d77e71db682288c968faa6fd659"
    },
    {
      "epoch": 3,
      "accepted": true,
      "errorCode": null,
      "beforeComposite": 0.023076923076923078,
      "afterComposite": 0.03461538461538462,
      "marginalDelta": 0.011538461538461539,
      "latencyMs": 128.546235,
      "components": {
        "exactRetrieval": 0.11538461538461539,
        "staleMemoryRejection": 0,
        "temporalUpdateCorrectness": 0,
        "compressionSurvival": 0,
        "routingAccuracy": 0,
        "latencyMs": 0
      },
      "parentStateRoot": "0xad33ee1508b60a0a725f6aeeb41f2c2d14de831e6cb7171933dccf9f25bfb37d",
      "patchHashHex": "0x4c4261313c96bf51a7ba2eca8aaaab0df205ede30e2683831f60d7d2c262c0b0"
    },
    {
      "epoch": 4,
      "accepted": true,
      "errorCode": null,
      "beforeComposite": 0.03461538461538462,
      "afterComposite": 0.046153846153846156,
      "marginalDelta": 0.011538461538461539,
      "latencyMs": 127.258792,
      "components": {
        "exactRetrieval": 0.15384615384615385,
        "staleMemoryRejection": 0,
        "temporalUpdateCorrectness": 0,
        "compressionSurvival": 0,
        "routingAccuracy": 0,
        "latencyMs": 0
      },
      "parentStateRoot": "0x46cbf055e67fab08f37b8232a66a4e9e4f5f90d2c794a029ee5baa9b41c893f4",
      "patchHashHex": "0xa2fedeffdb061f6509d3ffc038cdd005fa1cf388a660f8be6dbe560d25ec5e36"
    },
    {
      "epoch": 5,
      "accepted": false,
      "errorCode": null,
      "beforeComposite": 0.046153846153846156,
      "afterComposite": 0.046153846153846156,
      "marginalDelta": 0,
      "latencyMs": 134.11062,
      "components": {
        "exactRetrieval": 0.15384615384615385,
        "staleMemoryRejection": 0,
        "temporalUpdateCorrectness": 0,
        "compressionSurvival": 0,
        "routingAccuracy": 0,
        "latencyMs": 0
      },
      "parentStateRoot": "0x46cbf055e67fab08f37b8232a66a4e9e4f5f90d2c794a029ee5baa9b41c893f4",
      "patchHashHex": "0x8ad075d82b42415937437a47667d4a950fc81b672fc85dd3abc3a03730d9d6d4"
    }
  ],
  "summary": {
    "totalEpochs": 5,
    "accepted": 3,
    "rejected": 2,
    "genesisComposite": 0,
    "finalComposite": 0.046153846153846156,
    "netImprovement": 0.046153846153846156,
    "avgScoreDelta": 0.009230769230769232,
    "p50LatencyMs": 133.358585,
    "p99LatencyMs": 134.11062,
    "finalStateRoot": "0x46cbf055e67fab08f37b8232a66a4e9e4f5f90d2c794a029ee5baa9b41c893f4",
    "genesisStateRoot": "0x3e2a2ba2620a32f6593c46e01bafbd31a4e4c718ceef5603e2bd73f42013040f",
    "familyContribution": {
      "near_collision": 0,
      "temporal": 0,
      "long_horizon": 0,
      "routing": 0,
      "exact": 0.15384615384615385,
      "stale": 0,
      "current": 0
    },
    "finalComponents": {
      "exactRetrieval": 0.15384615384615385,
      "staleMemoryRejection": 0,
      "temporalUpdateCorrectness": 0,
      "compressionSurvival": 0,
      "routingAccuracy": 0,
      "latencyMs": 0
    },
    "finalFamilyScores": {
      "near_collision": 0.15384615384615385,
      "temporal": 0,
      "long_horizon": 0
    },
    "finalHits": {
      "near_collision": 4,
      "stale": 0,
      "current": 0,
      "long_horizon": 0,
      "relations": 0
    },
    "finalTotals": {
      "near_collision": 26,
      "stale": 55,
      "current": 57,
      "long_horizon": 51,
      "relations": 128
    }
  },
  "generatedAt": "2026-05-07T00:22:29.297Z",
  "corpusSources": {
    "near_collision": {
      "path": "benchmark/fixtures/near_collision/limit_nq_hotpotqa_v0.json",
      "count": 51,
      "license": "CC-BY-4.0 (LIMIT); Apache-2.0 (NQ); CC-BY-SA-4.0 (HotpotQA)",
      "source": [
        "LIMIT",
        "BEIR_NQ",
        "BEIR_HotpotQA"
      ]
    },
    "temporal": {
      "path": "benchmark/fixtures/temporal/memoryagentbench_v0.json",
      "count": 52,
      "license": "MIT",
      "source": "MemoryAgentBench"
    },
    "long_horizon": {
      "path": "benchmark/fixtures/long_horizon/memoryarena_v0.json",
      "count": 51,
      "license": "CC-BY-4.0",
      "source": "MemoryArena"
    },
    "synthetic_temporal": {
      "count": 60,
      "license": "Apache-2.0"
    }
  },
  "scoring": "real-cortexbench-v0"
}