baseline,name,genesis_composite,final_composite,net_improvement,accepted,total,p50_ms,p99_ms,final_state_root
A,empty,0,0.25882352941176473,0.25882352941176473,11,60,0.038251,142.985841,0x1ac363fb41d78484d9a0648f0e30aa4cb86bba815a74bc7f212a0495c167898a
B,dense-key,0,0.21176470588235294,0.21176470588235294,33,60,132.474701,138.935399,0x2896c2346c2a41b747c431cac9471fc11b6a072cde170bbb646ed9478e6828e9
C,binary-key,0,0.21176470588235294,0.21176470588235294,33,60,133.436203,144.337871,0xc3f0b3fe79c0f5382db5dd7979272afa06ab7898e6438648de5043901596b74b
D,late-interaction,0,0.052941176470588235,0.052941176470588235,6,60,137.416157,144.580455,0xe2b6e409a0a83f193cf107c96e8a086a66a03a5fc5b0b4a7b8aed63052dfc0c0
E,revocation-aware,0,0.11789473684210525,0.11789473684210525,11,60,0.035098,138.004948,0xe31f6a75d13f0790e7df8edccd92f06454d9a5765789e3a830c1211d9c83db27
