baseline,name,genesis_composite,final_composite,net_improvement,accepted,total,p50_ms,p99_ms,final_state_root
A,empty,0,0.25882352941176473,0.25882352941176473,11,60,0.036912,139.054402,0x583256b19c0f91a3777a091098a617372e6b5400fe815edec13191364099ae51
B,dense-key,0,0.21176470588235294,0.21176470588235294,33,60,132.647588,139.172775,0x8ed92f20043d407a3561eab68a7e6d5e350cc94cccfca411af31a4048f0e0128
C,binary-key,0,0.21176470588235294,0.21176470588235294,33,60,131.707764,138.31142,0xe6069c71868553be0a98bcc9c2142c67983d461ab651daba0294b5d5174f4d09
D,late-interaction,0,0.052941176470588235,0.052941176470588235,6,60,131.656113,141.300532,0xd429c3a0887facea6204a0c3397e62621e21e1d65ec08af70ba9faae2ecf85eb
E,revocation-aware,0,0.11789473684210525,0.11789473684210525,11,60,0.036049,137.844148,0x0897acfaed8ecbe137470639de379ab21c883d306dab3469e7b0e60eba3692d8
