baseline,name,genesis_composite,final_composite,net_improvement,accepted,total,p50_ms,p99_ms,final_state_root
A,empty,0,0.25882352941176473,0.25882352941176473,11,60,0.037762,137.152465,0xc5ea19d40fdd6d2241c9b10c5ef7a170d3e3ed213e78189c6db2b77f7509f8e7
B,dense-key,0,0.21176470588235294,0.21176470588235294,33,60,133.214778,143.504153,0xe70e35bee93e87b554d6720b680205115487d53a0955b6605071eb63dbbabfd2
C,binary-key,0,0.21176470588235294,0.21176470588235294,33,60,132.953919,142.239533,0xd55d7bb39ab782b6f078330363230b43ce3082f2fa8bf00883d75a69a60fb55a
D,late-interaction,0,0.052941176470588235,0.052941176470588235,6,60,133.821994,146.115546,0xf5c65f38b40259a1a8c4407cc2fdbeebd9f10f6070aef8d9f6630b420dd58658
E,revocation-aware,0,0.11779904306220096,0.11779904306220096,11,60,0.038353,134.374583,0xbc7680cbabc3c6414f850b3c6d6a5ffd6ff75ee4c6b65c6a2590cddfc7120c40
