baseline,name,genesis_composite,final_composite,net_improvement,accepted,total,p50_ms,p99_ms,final_state_root
A,empty,0,0.25882352941176473,0.25882352941176473,11,60,0.03662,140.193639,0x689288f235004dcb4219c066823588bdd7b7bb9ef508e32e59afda71f223eb79
B,dense-key,0,0.21176470588235294,0.21176470588235294,33,60,132.494497,144.62152,0xc7a140f0b63836d2fcef45de5fd07822ab323f39684e098ee06ec211518971cc
C,binary-key,0,0.21176470588235294,0.21176470588235294,33,60,133.031855,150.359855,0xd176544c54c23cd3e0a406790b8096251a7575c03a43ef46dcc9c2ed78df1e9a
D,late-interaction,0,0.052941176470588235,0.052941176470588235,6,60,133.863241,168.274781,0xa6aa8529f26734f6267ffeb7de85eab8d0b9f9c3757b9ec460c6b46ae999fe2b
E,revocation-aware,0,0.11779904306220096,0.11779904306220096,11,60,0.037803,137.18498,0x4254c290d996d4f42ffe9c9a28ad92ec85f2a62029770f21158f1f6708eee840
