baseline,name,genesis_composite,final_composite,net_improvement,accepted,total,p50_ms,p99_ms,final_state_root
A,empty,0,0.25882352941176473,0.25882352941176473,11,60,0.03601,137.131606,0xffbba48b40b3478604f5e6b538b3388ed92371e434e9390da1eadbd8aec7351a
B,dense-key,0,0.21176470588235294,0.21176470588235294,33,60,131.862067,137.061178,0xbcc4016de4bba1a8c2455c4dde122d1e73276bb36d15c83a89de7396e18f7199
C,binary-key,0,0.21176470588235294,0.21176470588235294,33,60,131.542036,140.035772,0x8b35cd07d242bee8ea779c982186cc6df918b2c1c36aaf8d046822436fce3c40
D,late-interaction,0,0.052941176470588235,0.052941176470588235,6,60,132.452119,148.145179,0xc893aeb4a26e3b3fcd23fd2605fddf13b937c86db59e9422fc08b8c5e1eb4816
E,revocation-aware,0,0.11789473684210525,0.11789473684210525,11,60,0.037341,140.542588,0xb75a3aeaaeff5f8154b57535b95427ce6fcaa3853e7ad97a4c4212d0120fe037
