baseline,name,genesis_composite,final_composite,net_improvement,accepted,total,p50_ms,p99_ms,final_state_root
A,empty,0,0.25882352941176473,0.25882352941176473,11,30,0.037352,136.667309,0x689288f235004dcb4219c066823588bdd7b7bb9ef508e32e59afda71f223eb79
B,dense-key,0,0.19411764705882353,0.19411764705882353,30,30,134.351373,139.525311,0x2caa54c6b558c19e6b7108c9363b26c7b416ad8606a82a2ba4e52c85b8b0f385
C,binary-key,0,0.19411764705882353,0.19411764705882353,30,30,131.676553,138.753708,0x27c16129a298daa191701fc80ef78e62667db4614ec93c31fa4ae0e4cbca1d3e
D,late-interaction,0,0.052941176470588235,0.052941176470588235,6,30,132.806097,148.344173,0xa6aa8529f26734f6267ffeb7de85eab8d0b9f9c3757b9ec460c6b46ae999fe2b
E,revocation-aware,0,0.11779904306220096,0.11779904306220096,11,30,0.039653,140.823377,0x4254c290d996d4f42ffe9c9a28ad92ec85f2a62029770f21158f1f6708eee840
